SampleID,labels
COPD.0943.SPU,1
COPD.0952.SPU,1
COPD.0954.SPU,1
COPD.0992.SPU,2
COPD.1003.SPU,1
COPD.1004.SPU,1
COPD.1005.SPU,1
COPD.1006.SPU,2
COPD.1007.SPU,1
COPD.1008.SPU,1
COPD.1009.SPU,1
COPD.1010.SPU,1
COPD.1011.SPU,1
COPD.1014.SPU,1
COPD.1015.SPU,1
COPD.1017.SPU,1
COPD.1018.SPU,1
COPD.1019.SPU,1
COPD.1020.SPU,1
COPD.1021.SPU,1
COPD.1022.SPU,1
COPD.1023.SPU,1
COPD.1024.SPU,2
COPD.1025.SPU,1
COPD.1026.SPU,1
COPD.1027.SPU,2
COPD.1028.SPU,1
COPD.1029.SPU,1
COPD.1030.SPU,1
COPD.1031.SPU,1
COPD.1032.SPU,1
COPD.1033.SPU,1
COPD.1034.SPU,1
COPD.1037.SPU,1
COPD.1038.SPU,1
COPD.1039.SPU,1
COPD.1040.SPU,1
COPD.1041.SPU,2
COPD.1042.SPU,1
COPD.1044.SPU,1
COPD.1045.SPU,1
COPD.1048.SPU,1
COPD.1049.SPU,2
COPD.1050.SPU,1
COPD.1051.SPU,2
COPD.1052.SPU,1
COPD.1054.SPU,1
COPD.1055.SPU,1
COPD.1056.SPU,1
COPD.1057.SPU,1
COPD.1058.SPU,1
COPD.1060.SPU,1
COPD.1061.SPU,1
COPD.1062.SPU,1
COPD.1063.SPU,1
COPD.1064.SPU,1
COPD.1065.SPU,1
COPD.1067.SPU,1
COPD.1069.SPU,2
COPD.1074.SPU,1
COPD.1076.SPU,2
COPD.1077.SPU,1
COPD.1078.SPU,1
COPD.1079.SPU,1
COPD.1080.SPU,1
COPD.1081.SPU,1
COPD.1099.SPU,1
COPD.1118.SPU,1
COPD.1119.SPU,1
COPD.1123.SPU,1
COPD.1125.SPU,1
COPD.1134.SPU,1
COPD.1140.SPU,1
COPD.1142.SPU,2
COPD.1144.SPU,1
COPD.1146.SPU,2
COPD.1148.SPU,1
COPD.1154.SPU,1
COPD.1155.SPU,1
COPD.1162.SPU,2
COPD.1164.SPU,1
COPD.1165.SPU,1
COPD.1185.SPU,2
COPD.1197.SPU,1
COPD.1201.SPU,1
COPD.1203.SPU,1
COPD.1207.SPU,2
COPD.1208.SPU,1
COPD.1209.SPU,1
COPD.1216.SPU,1
COPD.1218.SPU,1
COPD.1219.SPU,1
COPD.1220.SPU,1
COPD.1221.SPU,1
COPD.1222.SPU,1
COPD.1223.SPU,1
COPD.1224.SPU,1
COPD.1225.SPU,1
COPD.1226.SPU,1
COPD.1227.SPU,1
COPD.1228.SPU,1
COPD.1229.SPU,1
COPD.1230.SPU,1
COPD.1231.SPU,1
COPD.1233.SPU,1
COPD.1234.SPU,1
COPD.1235.SPU,1
COPD.1236.SPU,1
COPD.1237.SPU,1
COPD.1239.SPU,1
COPD.1240.SPU,1
COPD.1241.SPU,2
COPD.1244.SPU,1
COPD.1245.SPU,1
COPD.1246.SPU,2
COPD.1247.SPU,2
COPD.1248.SPU,1
COPD.1249.SPU,1
COPD.1251.SPU,1
COPD.1252.SPU,2
COPD.1253.SPU,1
COPD.1256.SPU,1
COPD.1260.SPU,1
COPD.1263.SPU,1
COPD.1267.SPU,1
COPD.1268.SPU,1
COPD.1269.SPU,1
COPD.1270.SPU,1
COPD.1271.SPU,1
COPD.1272.SPU,1
COPD.1274.SPU,1
COPD.1275.SPU,1
COPD.1276.SPU,1
COPD.1277.SPU,1
COPD.1279.SPU,1
COPD.1282.SPU,1
COPD.1284.SPU,1
COPD.1285.SPU,1
COPD.1288.SPU,1
COPD.1290.SPU,1
COPD.1291.SPU,1
COPD.1294.SPU,1
COPD.1296.SPU,1
