,labels
COPD.0943.SPU,2
COPD.0952.SPU,2
COPD.0954.SPU,2
COPD.0992.SPU,2
COPD.1003.SPU,2
COPD.1004.SPU,2
COPD.1005.SPU,2
COPD.1006.SPU,2
COPD.1007.SPU,2
COPD.1008.SPU,2
COPD.1009.SPU,2
COPD.1010.SPU,2
COPD.1011.SPU,2
COPD.1014.SPU,2
COPD.1015.SPU,2
COPD.1017.SPU,2
COPD.1018.SPU,2
COPD.1019.SPU,2
COPD.1020.SPU,2
COPD.1021.SPU,2
COPD.1022.SPU,2
COPD.1023.SPU,2
COPD.1024.SPU,2
COPD.1025.SPU,2
COPD.1026.SPU,2
COPD.1027.SPU,2
COPD.1028.SPU,2
COPD.1029.SPU,2
COPD.1030.SPU,2
COPD.1031.SPU,2
COPD.1032.SPU,2
COPD.1033.SPU,2
COPD.1034.SPU,2
COPD.1037.SPU,2
COPD.1038.SPU,2
COPD.1039.SPU,2
COPD.1040.SPU,2
COPD.1041.SPU,2
COPD.1042.SPU,2
COPD.1044.SPU,2
COPD.1045.SPU,2
COPD.1048.SPU,2
COPD.1049.SPU,2
COPD.1050.SPU,2
COPD.1051.SPU,2
COPD.1052.SPU,2
COPD.1054.SPU,2
COPD.1055.SPU,2
COPD.1056.SPU,2
COPD.1057.SPU,2
COPD.1058.SPU,2
COPD.1060.SPU,2
COPD.1061.SPU,2
COPD.1062.SPU,2
COPD.1063.SPU,2
COPD.1064.SPU,2
COPD.1065.SPU,2
COPD.1067.SPU,2
COPD.1069.SPU,2
COPD.1074.SPU,2
COPD.1076.SPU,2
COPD.1077.SPU,2
COPD.1078.SPU,2
COPD.1079.SPU,2
COPD.1080.SPU,2
COPD.1081.SPU,2
COPD.1099.SPU,2
COPD.1118.SPU,2
COPD.1119.SPU,2
COPD.1123.SPU,2
COPD.1125.SPU,2
COPD.1134.SPU,2
COPD.1140.SPU,2
COPD.1142.SPU,2
COPD.1144.SPU,2
COPD.1146.SPU,2
COPD.1148.SPU,2
COPD.1154.SPU,2
COPD.1155.SPU,2
COPD.1162.SPU,2
COPD.1164.SPU,2
COPD.1165.SPU,2
COPD.1185.SPU,2
COPD.1197.SPU,2
COPD.1201.SPU,2
COPD.1203.SPU,2
COPD.1207.SPU,2
COPD.1208.SPU,2
COPD.1209.SPU,2
COPD.1216.SPU,2
COPD.1218.SPU,2
COPD.1219.SPU,2
COPD.1220.SPU,2
COPD.1221.SPU,2
COPD.1222.SPU,2
COPD.1223.SPU,2
COPD.1224.SPU,2
COPD.1225.SPU,2
COPD.1226.SPU,2
COPD.1227.SPU,2
COPD.1228.SPU,2
COPD.1229.SPU,2
COPD.1230.SPU,2
COPD.1231.SPU,2
COPD.1233.SPU,2
COPD.1234.SPU,2
COPD.1235.SPU,2
COPD.1236.SPU,2
COPD.1237.SPU,2
COPD.1239.SPU,2
COPD.1240.SPU,2
COPD.1241.SPU,2
COPD.1244.SPU,2
COPD.1245.SPU,2
COPD.1246.SPU,2
COPD.1247.SPU,2
COPD.1248.SPU,2
COPD.1249.SPU,2
COPD.1251.SPU,2
COPD.1252.SPU,2
COPD.1253.SPU,2
COPD.1256.SPU,2
COPD.1260.SPU,2
COPD.1263.SPU,2
COPD.1267.SPU,2
COPD.1268.SPU,2
COPD.1269.SPU,2
COPD.1270.SPU,2
COPD.1271.SPU,2
COPD.1272.SPU,2
COPD.1274.SPU,2
COPD.1275.SPU,2
COPD.1276.SPU,2
COPD.1277.SPU,2
COPD.1279.SPU,2
COPD.1282.SPU,2
COPD.1284.SPU,2
COPD.1285.SPU,2
COPD.1288.SPU,2
COPD.1290.SPU,2
COPD.1291.SPU,2
COPD.1294.SPU,2
COPD.1296.SPU,2
HCon.1298.SPU,1
HCon.1299.SPU,1
HCon.1300.SPU,1
HCon.1301.SPU,1
HCon.1302.SPU,1
HCon.1303.SPU,1
HCon.1304.SPU,1
HCon.1305.SPU,1
HCon.1306.SPU,1
HCon.1307.SPU,1
HCon.1308.SPU,1
HCon.1309.SPU,1
HCon.1310.SPU,1
HCon.1311.SPU,1
HCon.1312.SPU,1
HCon.1313.SPU,1
HCon.1314.SPU,1
HCon.1315.SPU,1
HCon.1316.SPU,1
HCon.1317.SPU,1
HCon.1318.SPU,1
HCon.1319.SPU,1
HCon.1320.SPU,1
HCon.1321.SPU,1
HCon.1322.SPU,1
HCon.1323.SPU,1
HCon.1324.SPU,1
HCon.1325.SPU,1
HCon.1326.SPU,1
HCon.1327.SPU,1
HCon.1328.SPU,1
HCon.1329.SPU,1
HCon.1330.SPU,1
HCon.1331.SPU,1
HCon.1333.SPU,1
HCon.1334.SPU,1
HCon.1335.SPU,1
HCon.1336.SPU,1
HCon.1337.SPU,1
HCon.1338.SPU,1
HCon.1339.SPU,1
HCon.1340.SPU,1
HCon.1341.SPU,1
HCon.1342.SPU,1
